Method,Avg VaR (%),Avg ES (%),Exceedances,Exceedance Rate (%)
Historical Simulation,-3.800039259771864,-4.271042183513947,49,1.6937435188385759
Parametric Normal,-3.2661590894549724,-3.7563268915316765,87,3.0072589007950223
Parametric Student-t,-3.8868035406743164,-6.287221624685636,63,2.1776702385067406
"GARCH(1,1) Normal",-3.0791976624126414,-3.5479199460385207,82,2.834427929484964
