Method,Avg VaR (%),Avg ES (%),Exceedances,Exceedance Rate (%)
Historical Simulation,-3.8000401665174053,-4.271042954933647,49,1.6937435188385759
Parametric Normal,-3.266158787172625,-3.756326545388068,87,3.0072589007950223
Parametric Student-t,-3.889061684170843,-6.30240592107521,63,2.1776702385067406
"GARCH(1,1) Normal",-3.0792520649829793,-3.547982574608021,82,2.834427929484964
