Method,Avg VaR (%),Avg ES (%),Exceedances,Exceedance Rate (%)
Historical Simulation,-3.8000416818957667,-4.271045236010627,49,1.6937435188385759
Parametric Normal,-3.2661593136708835,-3.756327148504564,87,3.0072589007950223
Parametric Student-t,-3.8876045467027396,-6.298045580457838,63,2.1776702385067406
"GARCH(1,1) Normal",-3.079242765946244,-3.5479720951217666,82,2.834427929484964
