Asset,Annualised Return,Annualised Std,Sharpe,Sortino
AAPL,0.23122636727648024,0.28291455637703333,0.8173010616262901,1.0892358659825168
MSFT,0.23067060750472804,0.26295088180116083,0.8772383873546292,1.1774629892837174
IBM,0.08464978145459338,0.23988864529634313,0.35287114715255674,0.43704110202690877
NVDA,0.5195290385171571,0.4686868038628467,1.1084780587703267,1.539428663945367
GOOGL,0.20298694376370785,0.28240158388301756,0.718788262348392,0.9805550518031331
AMZN,0.2054079798097214,0.3281638803543866,0.6259311036543687,0.8503242572226541
EW_Portfolio,0.24574511972106472,0.2399345838698283,1.0242171668523985,1.3134796682789511
