Asset,Annualised Return,Annualised Std,Sharpe,Sortino
AAPL,0.23122639516933696,0.2829145965086612,0.8173010442826627,1.0892358425119244
MSFT,0.23067057641970903,0.26295098968412217,0.8772379092271493,1.17746165068485
IBM,0.08464980483745807,0.23988868141536152,0.35287119149606294,0.4370411624154214
NVDA,0.5195290401673691,0.46868681288149516,1.1084780409615005,1.5394283449447173
GOOGL,0.20298695035118333,0.2824015863753417,0.7187882793313779,0.9805548756844502
AMZN,0.2054079798097214,0.3281638803543866,0.6259311036543687,0.8503242572226541
EW_Portfolio,0.24574512445912966,0.23993461247419592,1.0242170644952637,1.313479257406649
