Asset,Annualised Return,Annualised Std,Sharpe,Sortino
AAPL,0.23122633938363274,0.2829145590426782,0.817300955334546,1.0892350633609196
MSFT,0.23067059196221745,0.2629508838059295,0.8772383215584227,1.1774628258234139
IBM,0.08464977560887807,0.2398887098904685,0.3528710277675367,0.43704106593979486
NVDA,0.5195290468282131,0.4686867599779556,1.1084781802939105,1.5394283491723117
GOOGL,0.20298694458275499,0.2824015803171449,0.7187882743247929,0.9805545612469032
AMZN,0.2054079798097214,0.3281638803543866,0.6259311036543687,0.8503242572226541
EW_Portfolio,0.24574511302923632,0.23993459527865965,1.0242170902609036,1.3134794770384208
